[{"path":"\\libs\\animal-sniffer-annotations-1.18.jar","sha1":"f7aa683ea79dc6681ee9fb95756c999acbb62f5d"},{"path":"\\libs\\checker-qual-2.8.1.jar","sha1":"eb2e8ab75598548cc8acf9a1ca227e480e01881e"},{"path":"\\libs\\classmate-1.5.1.jar","sha1":"3fe0bed568c62df5e89f4f174c101eab25345b6c"},{"path":"\\libs\\commons-lang3-3.9.jar","sha1":"0122c7cee69b53ed4a7681c03d4ee4c0e2765da5"},{"path":"\\libs\\dom4j-2.1.1.jar","sha1":"3dce5dbb3571aa820c677fadd8349bfa8f00c199"},{"path":"\\libs\\druid-1.1.17.jar","sha1":"4e3ef60d8c917d34d9c60437059822d3cd318058"},{"path":"\\libs\\druid-spring-boot-starter-1.1.17.jar","sha1":"ae0e946767bdc7ae344fae1f84542cef5d2986f7"},{"path":"\\libs\\error_prone_annotations-2.3.2.jar","sha1":"d1a0c5032570e0f64be6b4d9c90cdeb103129029"},{"path":"\\libs\\failureaccess-1.0.1.jar","sha1":"1dcf1de382a0bf95a3d8b0849546c88bac1292c9"},{"path":"\\libs\\fastjson-1.2.70.jar","sha1":"77e20a36181005ad6d838254d52b3fa949e95dfe"},{"path":"\\libs\\guava-28.1-jre.jar","sha1":"b0e91dcb6a44ffb6221b5027e12a5cb34b841145"},{"path":"\\libs\\hibernate-validator-6.0.19.Final.jar","sha1":"470a02639ffb0376daba72c2e58d107cfaba95f1"},{"path":"\\libs\\HikariCP-3.4.3.jar","sha1":"0fea6a1a2a3d73f3895152be5542c98bd488e059"},{"path":"\\libs\\hutool-all-5.3.7.jar","sha1":"f858c6e3f8ed59b0399fb1195f44fd9c6cfa8645"},{"path":"\\libs\\j2objc-annotations-1.3.jar","sha1":"ba035118bc8bac37d7eff77700720999acd9986d"},{"path":"\\libs\\jackson-annotations-2.10.4.jar","sha1":"6ae6028aff033f194c9710ad87c224ccaadeed6c"},{"path":"\\libs\\jackson-core-2.10.4.jar","sha1":"8796585e716440d6dd5128b30359932a9eb74d0d"},{"path":"\\libs\\jackson-databind-2.10.4.jar","sha1":"76e9152e93d4cf052f93a64596f633ba5b1c8ed9"},{"path":"\\libs\\jackson-datatype-jdk8-2.10.4.jar","sha1":"e3ce6f756d4d7ec6f4272212eb3f25bdea71d89f"},{"path":"\\libs\\jackson-datatype-jsr310-2.10.4.jar","sha1":"de00203e6fee3493c8978a0064a3dda2e8373545"},{"path":"\\libs\\jackson-module-parameter-names-2.10.4.jar","sha1":"9949c4f451bdadea63979f5714d19ace937c2ed3"},{"path":"\\libs\\jakarta.annotation-api-1.3.5.jar","sha1":"59eb84ee0d616332ff44aba065f3888cf002cd2d"},{"path":"\\libs\\jakarta.validation-api-2.0.2.jar","sha1":"5eacc6522521f7eacb081f95cee1e231648461e7"},{"path":"\\libs\\javax.servlet-api-4.0.1.jar","sha1":"a27082684a2ff0bf397666c3943496c44541d1ca"},{"path":"\\libs\\jboss-logging-3.4.1.Final.jar","sha1":"40fd4d696c55793e996d1ff3c475833f836c2498"},{"path":"\\libs\\jsqlparser-2.0.jar","sha1":"89b3cbe857bf7c8290eb748e1a046fad6152f288"},{"path":"\\libs\\jsr305-3.0.2.jar","sha1":"25ea2e8b0c338a877313bd4672d3fe056ea78f0d"},{"path":"\\libs\\jul-to-slf4j-1.7.25.jar","sha1":"0af5364cd6679bfffb114f0dec8a157aaa283b76"},{"path":"\\libs\\listenablefuture-9999.0-empty-to-avoid-conflict-with-guava.jar","sha1":"b421526c5f297295adef1c886e5246c39d4ac629"},{"path":"\\libs\\log4j-api-2.12.1.jar","sha1":"a55e6d987f50a515c9260b0451b4fa217dc539cb"},{"path":"\\libs\\log4j-to-slf4j-2.12.1.jar","sha1":"dfb42ea8ce1a399bcf7218efe8115a0b7ab3788a"},{"path":"\\libs\\logback-classic-1.2.3.jar","sha1":"7c4f3c474fb2c041d8028740440937705ebb473a"},{"path":"\\libs\\logback-core-1.2.3.jar","sha1":"864344400c3d4d92dfeb0a305dc87d953677c03c"},{"path":"\\libs\\mybatis-3.5.0.jar","sha1":"2db32dc396b5e7f385d71e6e212c3134283f2264"},{"path":"\\libs\\mybatis-plus-3.1.0.jar","sha1":"0b7caa5481b90e47a799b9e14f239d858af9da11"},{"path":"\\libs\\mybatis-plus-annotation-3.1.0.jar","sha1":"85730e1a50aa8e67ec54fa59dcf5074ef061b508"},{"path":"\\libs\\mybatis-plus-boot-starter-3.1.0.jar","sha1":"2b62b518aecbdc69c748d4d7c8d0734d6b1045ea"},{"path":"\\libs\\mybatis-plus-core-3.1.0.jar","sha1":"717a0ecacdf5455033fd7f09d4aaacac3a6313a7"},{"path":"\\libs\\mybatis-plus-extension-3.1.0.jar","sha1":"ec8daf485fa2de9a458d276b83e378cb1f73109b"},{"path":"\\libs\\mybatis-spring-2.0.0.jar","sha1":"da66c4309603671d9dad31ec8187ccaa520cf79c"},{"path":"\\libs\\pagehelper-5.1.9.jar","sha1":"5fe2b590e5324ac1fbfd6b8a195299a908249761"},{"path":"\\libs\\slf4j-api-1.7.25.jar","sha1":"da76ca59f6a57ee3102f8f9bd9cee742973efa8a"},{"path":"\\libs\\snakeyaml-1.25.jar","sha1":"8b6e01ef661d8378ae6dd7b511a7f2a33fae1421"},{"path":"\\libs\\spring-aop-5.2.6.RELEASE.jar","sha1":"84fffb7cad5816763683a3f251f942aa9f667a7e"},{"path":"\\libs\\spring-beans-5.2.6.RELEASE.jar","sha1":"d1b4c338e52dac001a48e29a605bb8f73572ad84"},{"path":"\\libs\\spring-boot-2.2.7.RELEASE.jar","sha1":"5db05bd9c786676791c509b158e93bb5b707aa8f"},{"path":"\\libs\\spring-boot-autoconfigure-2.2.7.RELEASE.jar","sha1":"69e8605816016f0cfcaaefc8686885cae1144afe"},{"path":"\\libs\\spring-boot-starter-2.2.7.RELEASE.jar","sha1":"b83fa2544ed63732f836d2e53d3e0ec04ecfe382"},{"path":"\\libs\\spring-boot-starter-jdbc-2.2.7.RELEASE.jar","sha1":"213b136ad02082aa334447915ad43e1a983c698b"},{"path":"\\libs\\spring-boot-starter-json-2.2.7.RELEASE.jar","sha1":"cd84b59f70075afd6daa1ec8a87e86515a06b8f8"},{"path":"\\libs\\spring-boot-starter-logging-2.2.7.RELEASE.jar","sha1":"b37a7ecf100c8f6034813d0eedd231b86d6789ad"},{"path":"\\libs\\spring-boot-starter-validation-2.2.7.RELEASE.jar","sha1":"185452131086c54291b7204b8c6aad190e9dc3dd"},{"path":"\\libs\\spring-boot-starter-web-2.2.7.RELEASE.jar","sha1":"8b0a33ac19051db7d6afe75ac2e870c416420800"},{"path":"\\libs\\spring-context-5.2.6.RELEASE.jar","sha1":"0f8f4420f268b054db12bf0dc7128adc09ab39a7"},{"path":"\\libs\\spring-core-5.2.6.RELEASE.jar","sha1":"5533695a01f5a1163428932abf6c5ba70e837a2d"},{"path":"\\libs\\spring-expression-5.2.6.RELEASE.jar","sha1":"ae0bc9fdf6cf08d885b9aee26c21efa24245d46c"},{"path":"\\libs\\spring-jcl-5.2.6.RELEASE.jar","sha1":"47b092c5c7a97ad330ae29d84d64e42c63a11b7a"},{"path":"\\libs\\spring-jdbc-5.2.6.RELEASE.jar","sha1":"43747a50376e662c2d889ce7b3cd5b9204962ff3"},{"path":"\\libs\\spring-tx-5.2.6.RELEASE.jar","sha1":"965726c96c42025eedeec047c2afad884203145a"},{"path":"\\libs\\spring-web-5.2.6.RELEASE.jar","sha1":"8cc2dbd266eb8f02d2df0895c8e887269e8aed88"},{"path":"\\libs\\spring-webmvc-5.2.6.RELEASE.jar","sha1":"fc54ea95c4c96cd0ab5272319905d4da5d632383"},{"path":"\\libs\\velocity-engine-core-2.2.jar","sha1":"68d899cb70cd27d495562fa808feb2da4926d38f"},{"path":"\\libs\\xmlpull-1.1.3.1.jar","sha1":"2b8e230d2ab644e4ecaa94db7cdedbc40c805dfa"},{"path":"\\libs\\xpp3_min-1.1.4c.jar","sha1":"19d4e90b43059058f6e056f794f0ea4030d60b86"},{"path":"\\libs\\xstream-1.4.9.jar","sha1":"c43f6e6bfa79b56e04a8898a923c3cf7144dd460"}]