{"bomFormat":"CycloneDX","specVersion":"1.4","version":"1","components":[{"type":"library","group":"com.opentpi.qa.app","name":"ms_ops_web","version":"1.0.0.RELEASE","purl":"pkg:maven/com.opentpi.qa.app/ms_ops_web@1.0.0.RELEASE","properties":{"detectPath":["pom.xml"]}},{"type":"library","group":"com.alibaba","name":"druid-spring-boot-starter","version":"1.1.17","purl":"pkg:maven/com.alibaba/druid-spring-boot-starter@1.1.17","properties":{"detectPath":["pom.xml"]}},{"type":"library","group":"com.alibaba","name":"druid","version":"1.1.17","purl":"pkg:maven/com.alibaba/druid@1.1.17","properties":{"detectPath":["pom.xml"]}},{"type":"library","group":"cn.hutool","name":"hutool-all","version":"5.3.7","purl":"pkg:maven/cn.hutool/hutool-all@5.3.7","properties":{"detectPath":["pom.xml"]}},{"type":"library","group":"com.google.guava","name":"guava","version":"28.1-jre","purl":"pkg:maven/com.google.guava/guava@28.1-jre","properties":{"detectPath":["pom.xml"]}},{"type":"library","group":"org.codehaus.mojo","name":"animal-sniffer-annotations","version":"1.18","purl":"pkg:maven/org.codehaus.mojo/animal-sniffer-annotations@1.18","properties":{"detectPath":["pom.xml"]}},{"type":"library","group":"org.checkerframework","name":"checker-qual","version":"2.8.1","purl":"pkg:maven/org.checkerframework/checker-qual@2.8.1","properties":{"detectPath":["pom.xml"]}},{"type":"library","group":"com.google.code.findbugs","name":"jsr305","version":"3.0.2","purl":"pkg:maven/com.google.code.findbugs/jsr305@3.0.2","properties":{"detectPath":["pom.xml"]}},{"type":"library","group":"com.google.guava","name":"failureaccess","version":"1.0.1","purl":"pkg:maven/com.google.guava/failureaccess@1.0.1","properties":{"detectPath":["pom.xml"]}},{"type":"library","group":"com.google.errorprone","name":"error_prone_annotations","version":"2.3.2","purl":"pkg:maven/com.google.errorprone/error_prone_annotations@2.3.2","properties":{"detectPath":["pom.xml"]}},{"type":"library","group":"com.google.j2objc","name":"j2objc-annotations","version":"1.3","purl":"pkg:maven/com.google.j2objc/j2objc-annotations@1.3","properties":{"detectPath":["pom.xml"]}},{"type":"library","group":"com.google.guava","name":"listenablefuture","version":"9999.0-empty-to-avoid-conflict-with-guava","purl":"pkg:maven/com.google.guava/listenablefuture@9999.0-empty-to-avoid-conflict-with-guava","properties":{"detectPath":["pom.xml"]}},{"type":"library","group":"org.springframework.boot","name":"spring-boot-starter-web","version":"2.2.7.RELEASE","purl":"pkg:maven/org.springframework.boot/spring-boot-starter-web@2.2.7.RELEASE","properties":{"detectPath":["pom.xml"]}},{"type":"library","group":"org.springframework","name":"spring-webmvc","version":"5.2.6.RELEASE","purl":"pkg:maven/org.springframework/spring-webmvc@5.2.6.RELEASE","properties":{"detectPath":["pom.xml"]}},{"type":"library","group":"org.springframework","name":"spring-expression","version":"5.2.6.RELEASE","purl":"pkg:maven/org.springframework/spring-expression@5.2.6.RELEASE","properties":{"detectPath":["pom.xml"]}},{"type":"library","group":"org.springframework","name":"spring-aop","version":"5.2.6.RELEASE","purl":"pkg:maven/org.springframework/spring-aop@5.2.6.RELEASE","properties":{"detectPath":["pom.xml"]}},{"type":"library","group":"org.springframework","name":"spring-context","version":"5.2.6.RELEASE","purl":"pkg:maven/org.springframework/spring-context@5.2.6.RELEASE","properties":{"detectPath":["pom.xml"]}},{"type":"library","group":"org.springframework.boot","name":"spring-boot-starter","version":"2.2.7.RELEASE","purl":"pkg:maven/org.springframework.boot/spring-boot-starter@2.2.7.RELEASE","properties":{"detectPath":["pom.xml"]}},{"type":"library","group":"org.springframework","name":"spring-core","version":"5.2.6.RELEASE","purl":"pkg:maven/org.springframework/spring-core@5.2.6.RELEASE","properties":{"detectPath":["pom.xml"]}},{"type":"library","group":"org.springframework","name":"spring-jcl","version":"5.2.6.RELEASE","purl":"pkg:maven/org.springframework/spring-jcl@5.2.6.RELEASE","properties":{"detectPath":["pom.xml"]}},{"type":"library","group":"org.yaml","name":"snakeyaml","version":"1.25","purl":"pkg:maven/org.yaml/snakeyaml@1.25","properties":{"detectPath":["pom.xml"]}},{"type":"library","group":"org.springframework.boot","name":"spring-boot-starter-logging","version":"2.2.7.RELEASE","purl":"pkg:maven/org.springframework.boot/spring-boot-starter-logging@2.2.7.RELEASE","properties":{"detectPath":["pom.xml"]}},{"type":"library","group":"org.slf4j","name":"jul-to-slf4j","version":"1.7.25","purl":"pkg:maven/org.slf4j/jul-to-slf4j@1.7.25","properties":{"detectPath":["pom.xml"]}},{"type":"library","group":"ch.qos.logback","name":"logback-classic","version":"1.2.3","purl":"pkg:maven/ch.qos.logback/logback-classic@1.2.3","properties":{"detectPath":["pom.xml"]}},{"type":"library","group":"ch.qos.logback","name":"logback-core","version":"1.2.3","purl":"pkg:maven/ch.qos.logback/logback-core@1.2.3","properties":{"detectPath":["pom.xml"]}},{"type":"library","group":"org.apache.logging.log4j","name":"log4j-to-slf4j","version":"2.12.1","purl":"pkg:maven/org.apache.logging.log4j/log4j-to-slf4j@2.12.1","properties":{"detectPath":["pom.xml"]}},{"type":"library","group":"org.apache.logging.log4j","name":"log4j-api","version":"2.12.1","purl":"pkg:maven/org.apache.logging.log4j/log4j-api@2.12.1","properties":{"detectPath":["pom.xml"]}},{"type":"library","group":"jakarta.annotation","name":"jakarta.annotation-api","version":"1.3.5","purl":"pkg:maven/jakarta.annotation/jakarta.annotation-api@1.3.5","properties":{"detectPath":["pom.xml"]}},{"type":"library","group":"org.springframework.boot","name":"spring-boot-starter-json","version":"2.2.7.RELEASE","purl":"pkg:maven/org.springframework.boot/spring-boot-starter-json@2.2.7.RELEASE","properties":{"detectPath":["pom.xml"]}},{"type":"library","group":"com.fasterxml.jackson.datatype","name":"jackson-datatype-jdk8","version":"2.10.4","purl":"pkg:maven/com.fasterxml.jackson.datatype/jackson-datatype-jdk8@2.10.4","properties":{"detectPath":["pom.xml"]}},{"type":"library","group":"com.fasterxml.jackson.core","name":"jackson-databind","version":"2.10.4","purl":"pkg:maven/com.fasterxml.jackson.core/jackson-databind@2.10.4","properties":{"detectPath":["pom.xml"]}},{"type":"library","group":"com.fasterxml.jackson.core","name":"jackson-annotations","version":"2.10.4","purl":"pkg:maven/com.fasterxml.jackson.core/jackson-annotations@2.10.4","properties":{"detectPath":["pom.xml"]}},{"type":"library","group":"com.fasterxml.jackson.core","name":"jackson-core","version":"2.10.4","purl":"pkg:maven/com.fasterxml.jackson.core/jackson-core@2.10.4","properties":{"detectPath":["pom.xml"]}},{"type":"library","group":"com.fasterxml.jackson.module","name":"jackson-module-parameter-names","version":"2.10.4","purl":"pkg:maven/com.fasterxml.jackson.module/jackson-module-parameter-names@2.10.4","properties":{"detectPath":["pom.xml"]}},{"type":"library","group":"com.fasterxml.jackson.datatype","name":"jackson-datatype-jsr310","version":"2.10.4","purl":"pkg:maven/com.fasterxml.jackson.datatype/jackson-datatype-jsr310@2.10.4","properties":{"detectPath":["pom.xml"]}},{"type":"library","group":"org.springframework.boot","name":"spring-boot-starter-validation","version":"2.2.7.RELEASE","purl":"pkg:maven/org.springframework.boot/spring-boot-starter-validation@2.2.7.RELEASE","properties":{"detectPath":["pom.xml"]}},{"type":"library","group":"org.hibernate.validator","name":"hibernate-validator","version":"6.0.19.Final","purl":"pkg:maven/org.hibernate.validator/hibernate-validator@6.0.19.Final","properties":{"detectPath":["pom.xml"]}},{"type":"library","group":"com.fasterxml","name":"classmate","version":"1.5.1","purl":"pkg:maven/com.fasterxml/classmate@1.5.1","properties":{"detectPath":["pom.xml"]}},{"type":"library","group":"org.jboss.logging","name":"jboss-logging","version":"3.4.1.Final","purl":"pkg:maven/org.jboss.logging/jboss-logging@3.4.1.Final","properties":{"detectPath":["pom.xml"]}},{"type":"library","group":"jakarta.validation","name":"jakarta.validation-api","version":"2.0.2","purl":"pkg:maven/jakarta.validation/jakarta.validation-api@2.0.2","properties":{"detectPath":["pom.xml"]}},{"type":"library","group":"org.springframework","name":"spring-web","version":"5.2.6.RELEASE","purl":"pkg:maven/org.springframework/spring-web@5.2.6.RELEASE","properties":{"detectPath":["pom.xml"]}},{"type":"library","group":"org.springframework","name":"spring-beans","version":"5.2.6.RELEASE","purl":"pkg:maven/org.springframework/spring-beans@5.2.6.RELEASE","properties":{"detectPath":["pom.xml"]}},{"type":"library","group":"com.thoughtworks.xstream","name":"xstream","version":"1.4.9","purl":"pkg:maven/com.thoughtworks.xstream/xstream@1.4.9","properties":{"detectPath":["pom.xml"]}},{"type":"library","group":"xmlpull","name":"xmlpull","version":"1.1.3.1","purl":"pkg:maven/xmlpull/xmlpull@1.1.3.1","properties":{"detectPath":["pom.xml"]}},{"type":"library","group":"xpp3","name":"xpp3_min","version":"1.1.4c","purl":"pkg:maven/xpp3/xpp3_min@1.1.4c","properties":{"detectPath":["pom.xml"]}},{"type":"library","group":"org.dom4j","name":"dom4j","version":"2.1.1","purl":"pkg:maven/org.dom4j/dom4j@2.1.1","properties":{"detectPath":["pom.xml"]}},{"type":"library","group":"javax.servlet","name":"javax.servlet-api","version":"4.0.1","purl":"pkg:maven/javax.servlet/javax.servlet-api@4.0.1","properties":{"detectPath":["pom.xml"]}},{"type":"library","group":"org.apache.velocity","name":"velocity-engine-core","version":"2.2","purl":"pkg:maven/org.apache.velocity/velocity-engine-core@2.2","properties":{"detectPath":["pom.xml"]}},{"type":"library","group":"org.slf4j","name":"slf4j-api","version":"1.7.25","purl":"pkg:maven/org.slf4j/slf4j-api@1.7.25","properties":{"detectPath":["pom.xml"]}},{"type":"library","group":"org.apache.commons","name":"commons-lang3","version":"3.9","purl":"pkg:maven/org.apache.commons/commons-lang3@3.9","properties":{"detectPath":["pom.xml"]}},{"type":"library","group":"com.github.pagehelper","name":"pagehelper","version":"5.1.9","purl":"pkg:maven/com.github.pagehelper/pagehelper@5.1.9","properties":{"detectPath":["pom.xml"]}},{"type":"library","group":"com.github.jsqlparser","name":"jsqlparser","version":"2.0","purl":"pkg:maven/com.github.jsqlparser/jsqlparser@2.0","properties":{"detectPath":["pom.xml"]}},{"type":"library","group":"com.alibaba","name":"fastjson","version":"1.2.70","purl":"pkg:maven/com.alibaba/fastjson@1.2.70","properties":{"detectPath":["pom.xml"]}},{"type":"library","group":"com.baomidou","name":"mybatis-plus-boot-starter","version":"3.1.0","purl":"pkg:maven/com.baomidou/mybatis-plus-boot-starter@3.1.0","properties":{"detectPath":["pom.xml"]}},{"type":"library","group":"com.baomidou","name":"mybatis-plus","version":"3.1.0","purl":"pkg:maven/com.baomidou/mybatis-plus@3.1.0","properties":{"detectPath":["pom.xml"]}},{"type":"library","group":"com.baomidou","name":"mybatis-plus-extension","version":"3.1.0","purl":"pkg:maven/com.baomidou/mybatis-plus-extension@3.1.0","properties":{"detectPath":["pom.xml"]}},{"type":"library","group":"org.mybatis","name":"mybatis-spring","version":"2.0.0","purl":"pkg:maven/org.mybatis/mybatis-spring@2.0.0","properties":{"detectPath":["pom.xml"]}},{"type":"library","group":"com.baomidou","name":"mybatis-plus-core","version":"3.1.0","purl":"pkg:maven/com.baomidou/mybatis-plus-core@3.1.0","properties":{"detectPath":["pom.xml"]}},{"type":"library","group":"org.mybatis","name":"mybatis","version":"3.5.0","purl":"pkg:maven/org.mybatis/mybatis@3.5.0","properties":{"detectPath":["pom.xml"]}},{"type":"library","group":"com.baomidou","name":"mybatis-plus-annotation","version":"3.1.0","purl":"pkg:maven/com.baomidou/mybatis-plus-annotation@3.1.0","properties":{"detectPath":["pom.xml"]}},{"type":"library","group":"org.springframework.boot","name":"spring-boot-autoconfigure","version":"2.2.7.RELEASE","purl":"pkg:maven/org.springframework.boot/spring-boot-autoconfigure@2.2.7.RELEASE","properties":{"detectPath":["pom.xml"]}},{"type":"library","group":"org.springframework.boot","name":"spring-boot","version":"2.2.7.RELEASE","purl":"pkg:maven/org.springframework.boot/spring-boot@2.2.7.RELEASE","properties":{"detectPath":["pom.xml"]}},{"type":"library","group":"org.springframework.boot","name":"spring-boot-starter-jdbc","version":"2.2.7.RELEASE","purl":"pkg:maven/org.springframework.boot/spring-boot-starter-jdbc@2.2.7.RELEASE","properties":{"detectPath":["pom.xml"]}},{"type":"library","group":"org.springframework","name":"spring-jdbc","version":"5.2.6.RELEASE","purl":"pkg:maven/org.springframework/spring-jdbc@5.2.6.RELEASE","properties":{"detectPath":["pom.xml"]}},{"type":"library","group":"org.springframework","name":"spring-tx","version":"5.2.6.RELEASE","purl":"pkg:maven/org.springframework/spring-tx@5.2.6.RELEASE","properties":{"detectPath":["pom.xml"]}},{"type":"library","group":"com.zaxxer","name":"HikariCP","version":"3.4.3","purl":"pkg:maven/com.zaxxer/HikariCP@3.4.3","properties":{"detectPath":["pom.xml"]}}],"dependencies":[{"ref":"pkg:maven/org.springframework.boot/spring-boot-starter@2.2.7.RELEASE","dependsOn":["pkg:maven/org.springframework.boot/spring-boot-starter-logging@2.2.7.RELEASE","pkg:maven/org.yaml/snakeyaml@1.25","pkg:maven/org.springframework/spring-core@5.2.6.RELEASE","pkg:maven/jakarta.annotation/jakarta.annotation-api@1.3.5"]},{"ref":"pkg:maven/org.apache.commons/commons-lang3@3.9","dependsOn":[]},{"ref":"pkg:maven/jakarta.validation/jakarta.validation-api@2.0.2","dependsOn":[]},{"ref":"pkg:maven/javax.servlet/javax.servlet-api@4.0.1","dependsOn":[]},{"ref":"pkg:maven/com.fasterxml.jackson.core/jackson-core@2.10.4","dependsOn":[]},{"ref":"pkg:maven/org.checkerframework/checker-qual@2.8.1","dependsOn":[]},{"ref":"pkg:maven/ch.qos.logback/logback-core@1.2.3","dependsOn":[]},{"ref":"pkg:maven/jakarta.annotation/jakarta.annotation-api@1.3.5","dependsOn":[]},{"ref":"pkg:maven/org.apache.logging.log4j/log4j-to-slf4j@2.12.1","dependsOn":["pkg:maven/org.apache.logging.log4j/log4j-api@2.12.1"]},{"ref":"pkg:maven/org.springframework/spring-webmvc@5.2.6.RELEASE","dependsOn":["pkg:maven/org.springframework/spring-expression@5.2.6.RELEASE","pkg:maven/org.springframework/spring-context@5.2.6.RELEASE","pkg:maven/org.springframework/spring-aop@5.2.6.RELEASE"]},{"ref":"pkg:maven/com.fasterxml.jackson.datatype/jackson-datatype-jdk8@2.10.4","dependsOn":[]},{"ref":"pkg:maven/com.github.jsqlparser/jsqlparser@2.0","dependsOn":[]},{"ref":"pkg:maven/org.springframework/spring-context@5.2.6.RELEASE","dependsOn":[]},{"ref":"pkg:maven/com.thoughtworks.xstream/xstream@1.4.9","dependsOn":["pkg:maven/xpp3/xpp3_min@1.1.4c","pkg:maven/xmlpull/xmlpull@1.1.3.1"]},{"ref":"pkg:maven/org.mybatis/mybatis@3.5.0","dependsOn":[]},{"ref":"pkg:maven/com.baomidou/mybatis-plus-core@3.1.0","dependsOn":["pkg:maven/com.baomidou/mybatis-plus-annotation@3.1.0","pkg:maven/org.mybatis/mybatis@3.5.0"]},{"ref":"pkg:maven/com.alibaba/druid@1.1.17","dependsOn":[]},{"ref":"pkg:maven/org.springframework/spring-expression@5.2.6.RELEASE","dependsOn":[]},{"ref":"pkg:maven/org.slf4j/slf4j-api@1.7.25","dependsOn":[]},{"ref":"pkg:maven/org.springframework.boot/spring-boot-starter-jdbc@2.2.7.RELEASE","dependsOn":["pkg:maven/org.springframework/spring-jdbc@5.2.6.RELEASE","pkg:maven/com.zaxxer/HikariCP@3.4.3"]},{"ref":"pkg:maven/com.google.guava/failureaccess@1.0.1","dependsOn":[]},{"ref":"pkg:maven/org.springframework/spring-core@5.2.6.RELEASE","dependsOn":["pkg:maven/org.springframework/spring-jcl@5.2.6.RELEASE"]},{"ref":"pkg:maven/org.springframework/spring-beans@5.2.6.RELEASE","dependsOn":[]},{"ref":"pkg:maven/org.springframework/spring-tx@5.2.6.RELEASE","dependsOn":[]},{"ref":"pkg:maven/org.springframework.boot/spring-boot@2.2.7.RELEASE","dependsOn":[]},{"ref":"pkg:maven/com.opentpi.qa.app/ms_ops_web@1.0.0.RELEASE","dependsOn":["pkg:maven/com.alibaba/fastjson@1.2.70","pkg:maven/org.springframework.boot/spring-boot-starter-web@2.2.7.RELEASE","pkg:maven/javax.servlet/javax.servlet-api@4.0.1","pkg:maven/com.thoughtworks.xstream/xstream@1.4.9","pkg:maven/com.google.guava/guava@28.1-jre","pkg:maven/cn.hutool/hutool-all@5.3.7","pkg:maven/org.apache.velocity/velocity-engine-core@2.2","pkg:maven/org.dom4j/dom4j@2.1.1","pkg:maven/com.baomidou/mybatis-plus-boot-starter@3.1.0","pkg:maven/com.github.pagehelper/pagehelper@5.1.9","pkg:maven/com.alibaba/druid-spring-boot-starter@1.1.17"]},{"ref":"pkg:maven/org.springframework.boot/spring-boot-starter-web@2.2.7.RELEASE","dependsOn":["pkg:maven/org.springframework.boot/spring-boot-starter@2.2.7.RELEASE","pkg:maven/org.springframework/spring-webmvc@5.2.6.RELEASE","pkg:maven/org.springframework.boot/spring-boot-starter-validation@2.2.7.RELEASE","pkg:maven/org.springframework/spring-web@5.2.6.RELEASE","pkg:maven/org.springframework.boot/spring-boot-starter-json@2.2.7.RELEASE"]},{"ref":"pkg:maven/com.fasterxml.jackson.datatype/jackson-datatype-jsr310@2.10.4","dependsOn":[]},{"ref":"pkg:maven/com.fasterxml.jackson.core/jackson-databind@2.10.4","dependsOn":["pkg:maven/com.fasterxml.jackson.core/jackson-core@2.10.4","pkg:maven/com.fasterxml.jackson.core/jackson-annotations@2.10.4"]},{"ref":"pkg:maven/org.yaml/snakeyaml@1.25","dependsOn":[]},{"ref":"pkg:maven/org.springframework.boot/spring-boot-starter-json@2.2.7.RELEASE","dependsOn":["pkg:maven/com.fasterxml.jackson.datatype/jackson-datatype-jdk8@2.10.4","pkg:maven/com.fasterxml.jackson.module/jackson-module-parameter-names@2.10.4","pkg:maven/com.fasterxml.jackson.datatype/jackson-datatype-jsr310@2.10.4","pkg:maven/com.fasterxml.jackson.core/jackson-databind@2.10.4"]},{"ref":"pkg:maven/xpp3/xpp3_min@1.1.4c","dependsOn":[]},{"ref":"pkg:maven/com.baomidou/mybatis-plus@3.1.0","dependsOn":["pkg:maven/com.baomidou/mybatis-plus-extension@3.1.0"]},{"ref":"pkg:maven/org.jboss.logging/jboss-logging@3.4.1.Final","dependsOn":[]},{"ref":"pkg:maven/com.alibaba/fastjson@1.2.70","dependsOn":[]},{"ref":"pkg:maven/com.baomidou/mybatis-plus-annotation@3.1.0","dependsOn":[]},{"ref":"pkg:maven/com.google.code.findbugs/jsr305@3.0.2","dependsOn":[]},{"ref":"pkg:maven/org.springframework/spring-aop@5.2.6.RELEASE","dependsOn":[]},{"ref":"pkg:maven/com.google.errorprone/error_prone_annotations@2.3.2","dependsOn":[]},{"ref":"pkg:maven/com.fasterxml/classmate@1.5.1","dependsOn":[]},{"ref":"pkg:maven/com.baomidou/mybatis-plus-boot-starter@3.1.0","dependsOn":["pkg:maven/org.springframework.boot/spring-boot-starter-jdbc@2.2.7.RELEASE","pkg:maven/org.springframework.boot/spring-boot-autoconfigure@2.2.7.RELEASE","pkg:maven/com.baomidou/mybatis-plus@3.1.0"]},{"ref":"pkg:maven/com.fasterxml.jackson.core/jackson-annotations@2.10.4","dependsOn":[]},{"ref":"pkg:maven/org.springframework.boot/spring-boot-starter-validation@2.2.7.RELEASE","dependsOn":["pkg:maven/org.hibernate.validator/hibernate-validator@6.0.19.Final","pkg:maven/jakarta.validation/jakarta.validation-api@2.0.2"]},{"ref":"pkg:maven/ch.qos.logback/logback-classic@1.2.3","dependsOn":["pkg:maven/ch.qos.logback/logback-core@1.2.3"]},{"ref":"pkg:maven/com.fasterxml.jackson.module/jackson-module-parameter-names@2.10.4","dependsOn":[]},{"ref":"pkg:maven/com.google.guava/listenablefuture@9999.0-empty-to-avoid-conflict-with-guava","dependsOn":[]},{"ref":"pkg:maven/com.google.j2objc/j2objc-annotations@1.3","dependsOn":[]},{"ref":"pkg:maven/org.hibernate.validator/hibernate-validator@6.0.19.Final","dependsOn":["pkg:maven/org.jboss.logging/jboss-logging@3.4.1.Final","pkg:maven/com.fasterxml/classmate@1.5.1"]},{"ref":"pkg:maven/com.google.guava/guava@28.1-jre","dependsOn":["pkg:maven/com.google.errorprone/error_prone_annotations@2.3.2","pkg:maven/com.google.guava/listenablefuture@9999.0-empty-to-avoid-conflict-with-guava","pkg:maven/org.codehaus.mojo/animal-sniffer-annotations@1.18","pkg:maven/com.google.j2objc/j2objc-annotations@1.3","pkg:maven/com.google.guava/failureaccess@1.0.1","pkg:maven/com.google.code.findbugs/jsr305@3.0.2","pkg:maven/org.checkerframework/checker-qual@2.8.1"]},{"ref":"pkg:maven/org.springframework.boot/spring-boot-autoconfigure@2.2.7.RELEASE","dependsOn":["pkg:maven/org.springframework.boot/spring-boot@2.2.7.RELEASE"]},{"ref":"pkg:maven/org.springframework/spring-jdbc@5.2.6.RELEASE","dependsOn":["pkg:maven/org.springframework/spring-tx@5.2.6.RELEASE"]},{"ref":"pkg:maven/org.apache.velocity/velocity-engine-core@2.2","dependsOn":["pkg:maven/org.apache.commons/commons-lang3@3.9","pkg:maven/org.slf4j/slf4j-api@1.7.25"]},{"ref":"pkg:maven/org.springframework/spring-web@5.2.6.RELEASE","dependsOn":["pkg:maven/org.springframework/spring-beans@5.2.6.RELEASE"]},{"ref":"pkg:maven/xmlpull/xmlpull@1.1.3.1","dependsOn":[]},{"ref":"pkg:maven/com.github.pagehelper/pagehelper@5.1.9","dependsOn":["pkg:maven/com.github.jsqlparser/jsqlparser@2.0"]},{"ref":"pkg:maven/org.apache.logging.log4j/log4j-api@2.12.1","dependsOn":[]},{"ref":"pkg:maven/com.baomidou/mybatis-plus-extension@3.1.0","dependsOn":["pkg:maven/com.baomidou/mybatis-plus-core@3.1.0","pkg:maven/org.mybatis/mybatis-spring@2.0.0"]},{"ref":"pkg:maven/org.codehaus.mojo/animal-sniffer-annotations@1.18","dependsOn":[]},{"ref":"pkg:maven/org.springframework/spring-jcl@5.2.6.RELEASE","dependsOn":[]},{"ref":"pkg:maven/org.springframework.boot/spring-boot-starter-logging@2.2.7.RELEASE","dependsOn":["pkg:maven/ch.qos.logback/logback-classic@1.2.3","pkg:maven/org.apache.logging.log4j/log4j-to-slf4j@2.12.1","pkg:maven/org.slf4j/jul-to-slf4j@1.7.25"]},{"ref":"pkg:maven/cn.hutool/hutool-all@5.3.7","dependsOn":[]},{"ref":"pkg:maven/org.mybatis/mybatis-spring@2.0.0","dependsOn":[]},{"ref":"pkg:maven/org.dom4j/dom4j@2.1.1","dependsOn":[]},{"ref":"pkg:maven/com.zaxxer/HikariCP@3.4.3","dependsOn":[]},{"ref":"pkg:maven/com.alibaba/druid-spring-boot-starter@1.1.17","dependsOn":["pkg:maven/com.alibaba/druid@1.1.17"]},{"ref":"pkg:maven/org.slf4j/jul-to-slf4j@1.7.25","dependsOn":[]}]}